Task,Category
lead the 1-on-1 in room b,Work
troubleshoot the new feature in production,Work
read the code this afternoon,Work
read the report tomorrow,Work
fix the payment gateway asap,Work
troubleshoot the login bug before release,Work
optimize the backend logic before release,Work
attend the meeting in the boardroom,Work
debug the database urgently,Work
test the database during the maintenance window,Work
fix the frontend during the maintenance window,Work
proofread the proposal today,Work
attend sprint planning with the team,Work
cancel the interview in the boardroom,Work
join the 1-on-1 with the manager,Work
send the report before lunch,Work
attend the standup at 10 am,Work
outline the code end of week,Work
outline the specs tomorrow,Work
attend the sync with stakeholders,Work
proofread the documentation this afternoon,Work
schedule the interview in room b,Work
troubleshoot the memory leak on staging,Work
outline the contract today,Work
debug the memory leak in production,Work
review the email before lunch,Work
review the email end of week,Work
refactor the api for the next patch,Work
prepare the presentation today,Work
host the brainstorming session in the boardroom,Work
read the contract by friday,Work
cancel the retro via zoom,Work
outline the specs by friday,Work
outline the proposal today,Work
lead the brainstorming session in room b,Work
prepare the proposal by eod,Work
reschedule sprint planning via zoom,Work
lead the interview on teams,Work
debug the backend logic urgently,Work
optimize the payment gateway during the maintenance window,Work
prepare the contract by eod,Work
draft the email by friday,Work
optimize the backend logic for the next patch,Work
lead sprint planning on teams,Work
send the specs end of week,Work
finalize the presentation asap,Work
deploy the frontend for the next patch,Work
reschedule the client call with the team,Work
send the summary asap,Work
finalize the email by eod,Work
finalize the release notes today,Work
review the documentation asap,Work
prepare the presentation before lunch,Work
test the new feature for the next patch,Work
join the standup in room b,Work
optimize the backend logic tonight,Work
organize the meeting at 10 am,Work
organize the standup at 10 am,Work
optimize the server for the next patch,Work
test the server on staging,Work
read the presentation by friday,Work
monitor the login bug during the maintenance window,Work
lead the standup with the team,Work
proofread the proposal by eod,Work
attend the meeting with stakeholders,Work
prepare the report before lunch,Work
schedule the client call with the team,Work
debug the frontend urgently,Work
test the database tonight,Work
write the release notes tomorrow,Work
outline the specs by eod,Work
troubleshoot the server tonight,Work
prepare the proposal today,Work
host the sync with the manager,Work
troubleshoot the payment gateway asap,Work
read the email today,Work
draft the documentation by friday,Work
deploy the backend logic tonight,Work
update the release notes asap,Work
cancel the brainstorming session via zoom,Work
attend the client call at 10 am,Work
host the 1-on-1 in room b,Work
write the documentation asap,Work
refactor the new feature for the next patch,Work
finalize the contract next week,Work
send the summary by eod,Work
read the summary this afternoon,Work
refactor the database during the maintenance window,Work
cancel the interview with the team,Work
outline the summary next week,Work
send the contract by friday,Work
join the brainstorming session at 10 am,Work
finalize the documentation end of week,Work
draft the documentation end of week,Work
prepare the email asap,Work
update the presentation asap,Work
review the email next week,Work
attend the meeting with the manager,Work
schedule sprint planning on teams,Work
write the presentation end of week,Work
read the specs by friday,Work
join sprint planning with stakeholders,Work
cancel the sync with stakeholders,Work
draft the contract today,Work
write the release notes end of week,Work
troubleshoot the frontend before release,Work
proofread the specs end of week,Work
send the summary tomorrow,Work
lead the brainstorming session with the manager,Work
outline the summary this afternoon,Work
proofread the code tomorrow,Work
read the documentation next week,Work
host the sync at 10 am,Work
cancel the sync in the boardroom,Work
proofread the contract asap,Work
troubleshoot the backend logic tonight,Work
finalize the presentation today,Work
host the meeting with the team,Work
optimize the backend logic during the maintenance window,Work
cancel the 1-on-1 with stakeholders,Work
finalize the specs asap,Work
schedule the interview on teams,Work
prepare the summary urgently,Work
host the retro with the manager,Work
optimize the memory leak for the next patch,Work
deploy the server asap,Work
send the summary end of week,Work
join the meeting at 10 am,Work
outline the code before lunch,Work
outline the documentation asap,Work
join the retro on teams,Work
schedule the brainstorming session on teams,Work
monitor the api in production,Work
update the documentation by friday,Work
send the documentation by friday,Work
finalize the documentation by friday,Work
read the specs this afternoon,Work
organize the sync with the team,Work
send the presentation by friday,Work
cancel the brainstorming session with the manager,Work
organize the standup with the team,Work
deploy the database tonight,Work
prepare the email tomorrow,Work
deploy the login bug during the maintenance window,Work
organize the standup in the boardroom,Work
attend sprint planning at 10 am,Work
organize the sync on teams,Work
debug the server on staging,Work
write the email next week,Work
test the payment gateway asap,Work
draft the summary end of week,Work
cancel the client call with stakeholders,Work
finalize the specs tomorrow,Work
read the specs before lunch,Work
outline the documentation this afternoon,Work
draft the summary tomorrow,Work
update the email before lunch,Work
join the meeting with the manager,Work
proofread the summary today,Work
troubleshoot the login bug during the maintenance window,Work
review the proposal urgently,Work
draft the documentation by eod,Work
host the sync in room b,Work
prepare the code this afternoon,Work
outline the documentation next week,Work
test the server in production,Work
test the database before release,Work
reschedule the interview with the manager,Work
read the code before lunch,Work
send the email tomorrow,Work
test the backend logic asap,Work
fix the new feature during the maintenance window,Work
outline the proposal end of week,Work
schedule the 1-on-1 in the boardroom,Work
test the new feature during the maintenance window,Work
schedule the interview at 10 am,Work
host sprint planning with the manager,Work
read the email asap,Work
test the memory leak on staging,Work
proofread the presentation end of week,Work
join the brainstorming session via zoom,Work
write the report before lunch,Work
deploy the memory leak before release,Work
review the contract today,Work
finalize the email asap,Work
read the report by friday,Work
fix the frontend in production,Work
monitor the login bug urgently,Work
optimize the new feature for the next patch,Work
attend the sync with the team,Work
lead the retro with stakeholders,Work
write the code asap,Work
outline the documentation by eod,Work
outline the documentation urgently,Work
update the documentation end of week,Work
update the summary end of week,Work
monitor the database for the next patch,Work
debug the server tonight,Work
reschedule the 1-on-1 with stakeholders,Work
outline the summary end of week,Work
optimize the server asap,Work
review the report asap,Work
monitor the payment gateway in production,Work
attend the interview on teams,Work
update the code by eod,Work
send the contract next week,Work
join sprint planning with the team,Work
deploy the api on staging,Work
schedule the retro on teams,Work
optimize the login bug asap,Work
read the report end of week,Work
debug the backend logic before release,Work
organize the meeting with the manager,Work
attend the 1-on-1 on teams,Work
draft the presentation by friday,Work
review the report by friday,Work
draft the specs tomorrow,Work
send the presentation this afternoon,Work
join the interview online,Work
send the specs urgently,Work
proofread the specs next week,Work
test the api asap,Work
join the brainstorming session in the boardroom,Work
reschedule sprint planning with the manager,Work
deploy the server urgently,Work
update the report before lunch,Work
refactor the new feature in production,Work
attend the sync online,Work
attend sprint planning on teams,Work
cancel the 1-on-1 in the boardroom,Work
debug the frontend on staging,Work
test the backend logic on staging,Work
proofread the contract urgently,Work
test the new feature asap,Work
attend the interview in the boardroom,Work
refactor the database urgently,Work
optimize the server tonight,Work
cancel the interview with stakeholders,Work
cancel sprint planning in the boardroom,Work
reschedule the interview in room b,Work
proofread the summary urgently,Work
monitor the login bug for the next patch,Work
reschedule the sync with stakeholders,Work
prepare the summary today,Work
review the documentation urgently,Work
finalize the summary before lunch,Work
review the contract by friday,Work
send the specs today,Work
write the contract end of week,Work
read the summary before lunch,Work
outline the release notes tomorrow,Work
proofread the release notes end of week,Work
proofread the presentation urgently,Work
read the specs next week,Work
proofread the presentation next week,Work
draft the email this afternoon,Work
fix the frontend tonight,Work
lead the meeting on teams,Work
fix the api before release,Work
update the report tomorrow,Work
test the frontend in production,Work
finalize the contract by eod,Work
outline the release notes today,Work
host the brainstorming session online,Work
fix the api urgently,Work
write the contract today,Work
attend the 1-on-1 with the manager,Work
join the sync with the manager,Work
outline the documentation by friday,Work
review the presentation next week,Work
write the presentation by eod,Work
refactor the login bug on staging,Work
finalize the code asap,Work
attend the retro with the manager,Work
attend sprint planning in the boardroom,Work
lead the sync via zoom,Work
review the code by friday,Work
join sprint planning in room b,Work
lead the interview with the manager,Work
lead the brainstorming session online,Work
write the summary asap,Work
join the standup at 10 am,Work
proofread the proposal urgently,Work
send the documentation today,Work
optimize the payment gateway before release,Work
update the report asap,Work
draft the code next week,Work
write the proposal end of week,Work
host the standup via zoom,Work
schedule the retro with stakeholders,Work
schedule the client call online,Work
test the login bug for the next patch,Work
write the presentation today,Work
debug the new feature in production,Work
finalize the specs urgently,Work
fix the login bug on staging,Work
deploy the database before release,Work
test the login bug before release,Work
draft the code by friday,Work
write the summary this afternoon,Work
optimize the api in production,Work
schedule the brainstorming session in the boardroom,Work
update the code today,Work
fix the memory leak for the next patch,Work
finalize the contract by friday,Work
finalize the email tomorrow,Work
debug the login bug in production,Work
finalize the presentation by friday,Work
read the proposal urgently,Work
write the documentation end of week,Work
reschedule the client call online,Work
update the summary today,Work
finalize the email this afternoon,Work
test the server during the maintenance window,Work
read the code next week,Work
debug the server in production,Work
test the frontend asap,Work
cancel the standup on teams,Work
deploy the new feature for the next patch,Work
test the payment gateway tonight,Work
proofread the report asap,Work
lead the retro via zoom,Work
outline the contract urgently,Work
proofread the documentation by friday,Work
finalize the release notes this afternoon,Work
reschedule the standup online,Work
write the report today,Work
write the code urgently,Work
refactor the memory leak for the next patch,Work
review the documentation this afternoon,Work
draft the summary by friday,Work
proofread the email next week,Work
lead the standup with the manager,Work
deploy the new feature in production,Work
fix the server for the next patch,Work
proofread the proposal tomorrow,Work
lead the standup at 10 am,Work
proofread the specs by eod,Work
lead the standup with stakeholders,Work
schedule the interview with stakeholders,Work
optimize the new feature before release,Work
optimize the api asap,Work
review the presentation by friday,Work
monitor the server during the maintenance window,Work
draft the report this afternoon,Work
monitor the api during the maintenance window,Work
host the interview at 10 am,Work
proofread the summary by friday,Work
join the client call at 10 am,Work
monitor the database during the maintenance window,Work
test the server before release,Work
test the server urgently,Work
optimize the new feature in production,Work
monitor the payment gateway urgently,Work
troubleshoot the server during the maintenance window,Work
reschedule the 1-on-1 with the manager,Work
test the api before release,Work
troubleshoot the server urgently,Work
host the interview with stakeholders,Work
cancel the client call via zoom,Work
refactor the api before release,Work
monitor the server in production,Work
deploy the database in production,Work
lead the meeting online,Work
prepare the proposal this afternoon,Work
draft the summary before lunch,Work
review the documentation before lunch,Work
draft the code before lunch,Work
debug the database tonight,Work
draft the proposal tomorrow,Work
prepare the release notes this afternoon,Work
update the release notes by friday,Work
write the documentation urgently,Work
host the meeting on teams,Work
outline the report next week,Work
join the standup on teams,Work
read the release notes this afternoon,Work
attend the meeting online,Work
draft the specs end of week,Work
finalize the contract urgently,Work
organize the sync online,Work
write the summary tomorrow,Work
schedule the 1-on-1 with the team,Work
update the report this afternoon,Work
organize the 1-on-1 with stakeholders,Work
send the documentation next week,Work
review the release notes today,Work
optimize the new feature tonight,Work
troubleshoot the new feature before release,Work
draft the contract by eod,Work
send the proposal today,Work
draft the contract before lunch,Work
outline the email by friday,Work
organize the 1-on-1 with the team,Work
deploy the memory leak urgently,Work
refactor the backend logic asap,Work
troubleshoot the payment gateway for the next patch,Work
monitor the memory leak for the next patch,Work
update the report next week,Work
read the email tomorrow,Work
review the contract asap,Work
update the release notes tomorrow,Work
review the proposal by eod,Work
host the client call with stakeholders,Work
review the code today,Work
reschedule the interview at 10 am,Work
refactor the frontend before release,Work
host the standup in room b,Work
review the specs today,Work
reschedule the retro in the boardroom,Work
read the code asap,Work
debug the database for the next patch,Work
read the documentation tomorrow,Work
monitor the new feature for the next patch,Work
refactor the database asap,Work
proofread the documentation end of week,Work
attend the retro on teams,Work
update the proposal end of week,Work
refactor the memory leak urgently,Work
cancel the 1-on-1 online,Work
finalize the report by friday,Work
optimize the memory leak tonight,Work
outline the specs before lunch,Work
schedule the client call with stakeholders,Work
optimize the frontend tonight,Work
send the contract before lunch,Work
test the login bug asap,Work
prepare the report asap,Work
send the proposal this afternoon,Work
lead sprint planning with stakeholders,Work
schedule the standup at 10 am,Work
join sprint planning online,Work
monitor the backend logic asap,Work
lead the retro in the boardroom,Work
debug the memory leak on staging,Work
send the code before lunch,Work
host the brainstorming session with the team,Work
troubleshoot the memory leak asap,Work
reschedule the standup at 10 am,Work
troubleshoot the api in production,Work
reschedule the meeting online,Work
attend the sync via zoom,Work
deploy the database on staging,Work
read the release notes before lunch,Work
send the presentation urgently,Work
debug the frontend in production,Work
send the presentation tomorrow,Work
schedule the 1-on-1 on teams,Work
prepare the proposal asap,Work
cancel the 1-on-1 on teams,Work
host sprint planning with the team,Work
host the retro at 10 am,Work
finalize the proposal urgently,Work
read the summary urgently,Work
write the specs before lunch,Work
lead the client call via zoom,Work
schedule the brainstorming session via zoom,Work
outline the email next week,Work
attend the 1-on-1 via zoom,Work
reschedule the meeting at 10 am,Work
draft the presentation by eod,Work
host the interview in room b,Work
test the payment gateway on staging,Work
finalize the release notes next week,Work
review the code end of week,Work
monitor the database on staging,Work
organize the standup with the manager,Work
troubleshoot the payment gateway in production,Work
organize the meeting on teams,Work
proofread the code urgently,Work
finalize the email today,Work
schedule the client call via zoom,Work
test the payment gateway in production,Work
reschedule the brainstorming session at 10 am,Work
schedule the standup online,Work
cancel the sync in room b,Work
deploy the server tonight,Work
update the summary this afternoon,Work
lead the client call in room b,Work
finalize the release notes before lunch,Work
draft the documentation today,Work
attend the standup in the boardroom,Work
fix the server urgently,Work
cancel sprint planning online,Work
join the client call in room b,Work
monitor the memory leak in production,Work
prepare the email end of week,Work
send the release notes next week,Work
send the specs by friday,Work
draft the code by eod,Work
lead the standup via zoom,Work
deploy the new feature before release,Work
schedule the brainstorming session with the manager,Work
cancel the 1-on-1 in room b,Work
schedule the brainstorming session online,Work
attend the 1-on-1 in room b,Work
join sprint planning at 10 am,Work
cancel the 1-on-1 with the manager,Work
draft the report urgently,Work
prepare the code next week,Work
get pasta and tea,Grocery
order snacks and beef,Grocery
stock up on some fish for the party,Grocery
buy some juice from keells,Grocery
order bread and apples,Grocery
buy some cheese for dinner,Grocery
pick up snacks and cereal,Grocery
pick up oil and tomatoes,Grocery
buy oil and potatoes,Grocery
pick up beef and garlic,Grocery
buy some onions at the market,Grocery
remember to pick up tomatoes for breakfast,Grocery
stock up on some coffee from the grocery store,Grocery
buy salt and sugar,Grocery
grab cheese and beef,Grocery
purchase milk and cheese,Grocery
purchase some milk for dinner,Grocery
buy potatoes and bananas,Grocery
stock up on pasta and milk,Grocery
purchase some cheese from keells,Grocery
grab chicken and tomatoes,Grocery
order some sugar from the grocery store,Grocery
purchase some juice for dinner,Grocery
buy some cheese for the party,Grocery
purchase some apples from cargills,Grocery
purchase onions and cereal,Grocery
buy detergent and eggs,Grocery
buy some water from keells,Grocery
grab some shampoo for the party,Grocery
get shampoo and potatoes,Grocery
pick up some pasta from cargills,Grocery
pick up some salt at the market,Grocery
purchase snacks and cheese,Grocery
grab some pasta online,Grocery
grab oil and coffee,Grocery
pick up shampoo and coffee,Grocery
stock up on sugar and rice,Grocery
grab salt and yogurt,Grocery
buy chicken and potatoes,Grocery
order onions and fish,Grocery
order some vegetables for dinner,Grocery
get rice and oil,Grocery
stock up on garlic and rice,Grocery
order some fruit from the local shop in veyangoda,Grocery
pick up beef and cereal,Grocery
purchase snacks and fruit,Grocery
stock up on some juice from keells,Grocery
stock up on soap and cheese,Grocery
get vegetables and bananas,Grocery
stock up on fish and rice,Grocery
grab vegetables and bananas,Grocery
stock up on snacks and shampoo,Grocery
buy some eggs online,Grocery
get some cheese online,Grocery
pick up some bread on the way home,Grocery
order some tea for the week,Grocery
remember to pick up pasta for lunch,Grocery
purchase some rice online,Grocery
stock up on some soap for the week,Grocery
pick up some detergent for the week,Grocery
stock up on bananas and fruit,Grocery
grab some garlic from the supermarket,Grocery
order some cheese from keells,Grocery
order some tomatoes online,Grocery
purchase some tea online,Grocery
buy sugar and butter,Grocery
grab some shampoo for dinner,Grocery
order some cheese at the market,Grocery
purchase some detergent for dinner,Grocery
get some tomatoes at the market,Grocery
purchase some bananas for the week,Grocery
stock up on some garlic from the supermarket,Grocery
get shampoo and flour,Grocery
stock up on some potatoes from the grocery store,Grocery
purchase snacks and chicken,Grocery
buy chicken and sugar,Grocery
order chicken and vegetables,Grocery
get coffee and beef,Grocery
get some yogurt from the grocery store,Grocery
purchase oil and butter,Grocery
stock up on chicken and pasta,Grocery
stock up on some detergent at the market,Grocery
order some shampoo at the market,Grocery
pick up fruit and coffee,Grocery
order flour and juice,Grocery
stock up on onions and milk,Grocery
purchase some bread for dinner,Grocery
grab some yogurt from cargills,Grocery
pick up some sugar from the local shop in veyangoda,Grocery
buy shampoo and sugar,Grocery
buy water and yogurt,Grocery
buy some eggs for meal prep,Grocery
purchase some pasta from the local shop in veyangoda,Grocery
grab bananas and snacks,Grocery
pick up soap and yogurt,Grocery
grab some chicken from cargills,Grocery
order some coffee from the supermarket,Grocery
stock up on some oil from the grocery store,Grocery
stock up on some bananas online,Grocery
order some flour on the way home,Grocery
pick up cheese and shampoo,Grocery
grab eggs and cereal,Grocery
remember to pick up shampoo for breakfast,Grocery
get apples and fruit,Grocery
grab some tea at the market,Grocery
stock up on some apples online,Grocery
purchase some sugar from keells,Grocery
get some garlic for meal prep,Grocery
grab some oil from the grocery store,Grocery
grab salt and water,Grocery
buy some fruit from keells,Grocery
remember to pick up pasta for breakfast,Grocery
get some oil at the market,Grocery
get some garlic for the party,Grocery
remember to buy apples for lunch,Grocery
pick up fruit and oil,Grocery
get chicken and vegetables,Grocery
grab flour and shampoo,Grocery
order fish and yogurt,Grocery
remember to pick up vegetables for dinner,Grocery
pick up some tea online,Grocery
buy some garlic from the supermarket,Grocery
get chicken and cereal,Grocery
get some pasta at the market,Grocery
order some potatoes for the week,Grocery
order juice and vegetables,Grocery
pick up pasta and garlic,Grocery
pick up some chicken on the way home,Grocery
buy some apples online,Grocery
stock up on some oil on the way home,Grocery
grab shampoo and oil,Grocery
pick up juice and onions,Grocery
purchase garlic and sugar,Grocery
grab some snacks from cargills,Grocery
get bananas and sugar,Grocery
grab some eggs from the grocery store,Grocery
buy shampoo and fish,Grocery
order some flour from cargills,Grocery
stock up on oil and garlic,Grocery
grab bread and rice,Grocery
order bananas and tomatoes,Grocery
pick up rice and cheese,Grocery
order cheese and vegetables,Grocery
buy some tea for the week,Grocery
stock up on rice and onions,Grocery
pick up fruit and tomatoes,Grocery
get some tea from the supermarket,Grocery
remember to buy flour for the recipe,Grocery
purchase flour and sugar,Grocery
grab coffee and cereal,Grocery
stock up on some fish from keells,Grocery
purchase cereal and shampoo,Grocery
buy some coffee at the market,Grocery
buy some tea for dinner,Grocery
purchase some milk from cargills,Grocery
get butter and oil,Grocery
order tea and fruit,Grocery
purchase potatoes and juice,Grocery
pick up oil and juice,Grocery
buy some tea from keells,Grocery
grab some detergent online,Grocery
get rice and cereal,Grocery
buy some detergent for the party,Grocery
grab snacks and vegetables,Grocery
grab detergent and bread,Grocery
buy yogurt and oil,Grocery
remember to pick up eggs for the recipe,Grocery
stock up on some soap from the local shop in veyangoda,Grocery
order some chicken from the grocery store,Grocery
stock up on pasta and coffee,Grocery
pick up snacks and juice,Grocery
order some apples for dinner,Grocery
grab snacks and onions,Grocery
get some cereal from cargills,Grocery
stock up on fish and eggs,Grocery
stock up on some salt for the week,Grocery
pick up fruit and rice,Grocery
purchase cheese and eggs,Grocery
buy some eggs on the way home,Grocery
get some oil for dinner,Grocery
get juice and tomatoes,Grocery
get some beef for the week,Grocery
remember to buy pasta for the recipe,Grocery
pick up some sugar from the grocery store,Grocery
buy coffee and snacks,Grocery
buy some cereal for the party,Grocery
get some yogurt online,Grocery
order onions and soap,Grocery
stock up on tomatoes and juice,Grocery
get tomatoes and yogurt,Grocery
grab some tomatoes for the week,Grocery
order milk and fruit,Grocery
pick up rice and butter,Grocery
pick up some chicken from cargills,Grocery
order onions and detergent,Grocery
pick up butter and yogurt,Grocery
grab milk and tea,Grocery
remember to buy tea for the recipe,Grocery
purchase some fish from cargills,Grocery
purchase some tea from the supermarket,Grocery
order juice and yogurt,Grocery
buy flour and snacks,Grocery
remember to pick up eggs for dinner,Grocery
purchase fruit and snacks,Grocery
buy soap and coffee,Grocery
remember to buy tomatoes for lunch,Grocery
remember to pick up pasta for the recipe,Grocery
purchase some tea for meal prep,Grocery
order bananas and cheese,Grocery
get pasta and bread,Grocery
buy some detergent from the grocery store,Grocery
pick up salt and shampoo,Grocery
buy some tomatoes from the local shop in veyangoda,Grocery
grab onions and vegetables,Grocery
stock up on oil and chicken,Grocery
get some beef online,Grocery
buy snacks and sugar,Grocery
get yogurt and eggs,Grocery
get potatoes and beef,Grocery
remember to buy milk for breakfast,Grocery
purchase tomatoes and beef,Grocery
stock up on some flour on the way home,Grocery
get some apples for the party,Grocery
grab fish and onions,Grocery
remember to pick up beef for dinner,Grocery
order cheese and cereal,Grocery
purchase tomatoes and coffee,Grocery
purchase snacks and shampoo,Grocery
order some tea for the party,Grocery
grab pasta and fish,Grocery
stock up on garlic and bread,Grocery
stock up on some yogurt for meal prep,Grocery
remember to pick up tea for dinner,Grocery
stock up on cereal and fish,Grocery
get vegetables and soap,Grocery
stock up on some eggs from the supermarket,Grocery
get some vegetables from the local shop in veyangoda,Grocery
grab apples and oil,Grocery
purchase some juice from the supermarket,Grocery
remember to pick up beef for breakfast,Grocery
grab eggs and shampoo,Grocery
buy potatoes and milk,Grocery
buy cheese and bananas,Grocery
buy water and garlic,Grocery
grab some tomatoes from the local shop in veyangoda,Grocery
remember to buy rice for dinner,Grocery
get fruit and butter,Grocery
stock up on some yogurt on the way home,Grocery
order some eggs online,Grocery
get some water online,Grocery
order detergent and shampoo,Grocery
order shampoo and fish,Grocery
purchase some snacks from the grocery store,Grocery
stock up on some coffee from cargills,Grocery
buy beef and salt,Grocery
stock up on some cheese from keells,Grocery
pick up some salt online,Grocery
grab some water from cargills,Grocery
grab some eggs at the market,Grocery
buy some salt from cargills,Grocery
stock up on oil and bread,Grocery
order some rice at the market,Grocery
order rice and oil,Grocery
buy some apples on the way home,Grocery
purchase juice and onions,Grocery
grab vegetables and milk,Grocery
buy vegetables and water,Grocery
stock up on some water from the supermarket,Grocery
stock up on juice and cheese,Grocery
buy some yogurt from the grocery store,Grocery
pick up fish and butter,Grocery
grab apples and soap,Grocery
purchase some yogurt from the grocery store,Grocery
buy fish and milk,Grocery
remember to pick up tomatoes for dinner,Grocery
order snacks and water,Grocery
stock up on some cereal from keells,Grocery
purchase tomatoes and apples,Grocery
stock up on snacks and water,Grocery
order some onions for dinner,Grocery
grab some salt for meal prep,Grocery
purchase some pasta on the way home,Grocery
grab detergent and cereal,Grocery
buy some cereal from the local shop in veyangoda,Grocery
buy some coffee from cargills,Grocery
purchase sugar and water,Grocery
buy some chicken on the way home,Grocery
remember to buy sugar for dinner,Grocery
grab vegetables and beef,Grocery
get coffee and fruit,Grocery
purchase some soap from the supermarket,Grocery
pick up potatoes and juice,Grocery
remember to pick up milk for lunch,Grocery
grab some garlic for dinner,Grocery
buy tea and tomatoes,Grocery
buy some tomatoes from keells,Grocery
get garlic and pasta,Grocery
purchase some yogurt on the way home,Grocery
get butter and tomatoes,Grocery
stock up on onions and detergent,Grocery
pick up snacks and vegetables,Grocery
buy some butter on the way home,Grocery
order oil and cereal,Grocery
get some shampoo from the local shop in veyangoda,Grocery
stock up on flour and snacks,Grocery
buy potatoes and garlic,Grocery
grab vegetables and shampoo,Grocery
grab chicken and apples,Grocery
get some water for the week,Grocery
get fruit and cereal,Grocery
stock up on garlic and shampoo,Grocery
pick up yogurt and water,Grocery
stock up on some coffee online,Grocery
buy cheese and salt,Grocery
purchase tomatoes and tea,Grocery
remember to pick up bread for breakfast,Grocery
order juice and potatoes,Grocery
get chicken and coffee,Grocery
buy bananas and fish,Grocery
order salt and bread,Grocery
pick up some tomatoes from keells,Grocery
order water and sugar,Grocery
pick up juice and salt,Grocery
grab eggs and bananas,Grocery
remember to pick up salt for lunch,Grocery
pick up snacks and shampoo,Grocery
purchase fruit and onions,Grocery
remember to buy rice for lunch,Grocery
grab rice and oil,Grocery
purchase some shampoo for the party,Grocery
order tea and chicken,Grocery
purchase oil and garlic,Grocery
stock up on some shampoo online,Grocery
stock up on chicken and garlic,Grocery
order some rice for meal prep,Grocery
grab some juice from the supermarket,Grocery
order bananas and milk,Grocery
stock up on some butter at the market,Grocery
buy some salt from the supermarket,Grocery
order some apples online,Grocery
remember to buy shampoo for dinner,Grocery
get some shampoo at the market,Grocery
purchase some chicken from the grocery store,Grocery
order some water from the grocery store,Grocery
grab potatoes and onions,Grocery
get tomatoes and shampoo,Grocery
purchase some flour for the week,Grocery
grab some butter from the local shop in veyangoda,Grocery
grab flour and coffee,Grocery
get milk and fruit,Grocery
purchase some tomatoes online,Grocery
pick up shampoo and yogurt,Grocery
order some potatoes for the party,Grocery
pick up eggs and juice,Grocery
stock up on yogurt and tea,Grocery
order some juice from the supermarket,Grocery
get some apples for the week,Grocery
pick up eggs and yogurt,Grocery
stock up on garlic and coffee,Grocery
get beef and yogurt,Grocery
buy bread and butter,Grocery
grab some potatoes from the local shop in veyangoda,Grocery
pick up milk and beef,Grocery
purchase cheese and vegetables,Grocery
grab some soap for dinner,Grocery
get eggs and juice,Grocery
remember to pick up onions for dinner,Grocery
get eggs and water,Grocery
get butter and milk,Grocery
get some garlic on the way home,Grocery
buy some rice at the market,Grocery
get some tea for dinner,Grocery
pick up some butter from the supermarket,Grocery
purchase soap and fruit,Grocery
get sugar and detergent,Grocery
buy fruit and sugar,Grocery
order garlic and flour,Grocery
purchase some detergent at the market,Grocery
purchase some bread for the party,Grocery
grab some bread from the grocery store,Grocery
pick up some salt from the grocery store,Grocery
order some bread from the supermarket,Grocery
pick up some oil for meal prep,Grocery
order some tomatoes for the week,Grocery
pick up salt and rice,Grocery
order some pasta from the grocery store,Grocery
order milk and vegetables,Grocery
pick up some cereal for the party,Grocery
pick up some yogurt from the local shop in veyangoda,Grocery
pick up soap and cereal,Grocery
stock up on sugar and coffee,Grocery
grab water and salt,Grocery
get some cereal for meal prep,Grocery
purchase some salt on the way home,Grocery
buy milk and chicken,Grocery
pick up some oil for dinner,Grocery
pick up fish and juice,Grocery
buy onions and salt,Grocery
get butter and fruit,Grocery
grab some bananas at the market,Grocery
purchase some flour from the grocery store,Grocery
order bananas and bread,Grocery
grab rice and snacks,Grocery
stock up on some juice from cargills,Grocery
get oil and detergent,Grocery
stock up on cheese and apples,Grocery
purchase some salt from keells,Grocery
stock up on some tea for the week,Grocery
pick up some flour at the market,Grocery
stock up on bread and beef,Grocery
grab fish and beef,Grocery
buy tomatoes and pasta,Grocery
get some juice from cargills,Grocery
stock up on some yogurt online,Grocery
purchase onions and oil,Grocery
stock up on some milk from keells,Grocery
buy some fruit on the way home,Grocery
buy some fish at the market,Grocery
purchase salt and chicken,Grocery
order some snacks for the week,Grocery
buy some flour for dinner,Grocery
pick up snacks and detergent,Grocery
purchase some fruit for dinner,Grocery
grab some butter for the party,Grocery
buy bread and flour,Grocery
stock up on rice and yogurt,Grocery
purchase tea and cheese,Grocery
grab some soap for meal prep,Grocery
get water and potatoes,Grocery
remember to pick up yogurt for lunch,Grocery
buy some beef from cargills,Grocery
purchase apples and chicken,Grocery
stock up on some sugar for the week,Grocery
buy some butter for meal prep,Grocery
stock up on chicken and tomatoes,Grocery
order some rice for dinner,Grocery
grab cereal and chicken,Grocery
grab shampoo and bread,Grocery
get potatoes and oil,Grocery
remember to pick up snacks for dinner,Grocery
get detergent and milk,Grocery
get some rice from cargills,Grocery
order some salt for meal prep,Grocery
purchase oil and vegetables,Grocery
get some yogurt from keells,Grocery
grab water and oil,Grocery
order coffee and oil,Grocery
purchase sugar and juice,Grocery
pick up some pasta from the supermarket,Grocery
pick up some yogurt online,Grocery
stock up on oil and yogurt,Grocery
buy juice and salt,Grocery
get some butter on the way home,Grocery
buy eggs and apples,Grocery
pick up some vegetables from keells,Grocery
purchase chicken and fruit,Grocery
grab some coffee at the market,Grocery
get chicken and juice,Grocery
remember to pick up butter for dinner,Grocery
order some potatoes on the way home,Grocery
get eggs and chicken,Grocery
stock up on some water from cargills,Grocery
get shampoo and oil,Grocery
stock up on some detergent for the week,Grocery
order some rice for the week,Grocery
order bread and eggs,Grocery
stock up on some tea at the market,Grocery
order some garlic from cargills,Grocery
buy some flour from the supermarket,Grocery
pick up some eggs from the grocery store,Grocery
buy some beef for meal prep,Grocery
grab some pasta for meal prep,Grocery
purchase vegetables and soap,Grocery
grab garlic and bread,Grocery
remember to buy onions for lunch,Grocery
remember to buy water for dinner,Grocery
pick up some juice from keells,Grocery
purchase snacks and sugar,Grocery
buy butter and yogurt,Grocery
buy some tomatoes for meal prep,Grocery
get tomatoes and eggs,Grocery
remember to buy apples for breakfast,Grocery
pick up beef and rice,Grocery
pick up fish and beef,Grocery
stock up on eggs and rice,Grocery
grab tomatoes and sugar,Grocery
get yogurt and garlic,Grocery
stock up on some eggs from keells,Grocery
buy fish and tomatoes,Grocery
purchase milk and coffee,Grocery
grab some chicken from keells,Grocery
stock up on pasta and cereal,Grocery
remember to buy cereal for the recipe,Grocery
remember to pick up onions for the recipe,Grocery
order some yogurt from the grocery store,Grocery
purchase some oil for the party,Grocery
remember to pick up snacks for breakfast,Grocery
remember to pick up onions for breakfast,Grocery
remember to buy eggs for the recipe,Grocery
remember to pick up soap for dinner,Grocery
do a long run in the park,Health
visit the hospital this afternoon,Health
do a 1 hour warmup in the park,Health
engage in a 30 min yoga session for 1 hour,Health
do a 1 hour stretching routine early morning,Health
start a 1 hour cardio routine early morning,Health
engage in a quick stretching routine at home,Health
engage in a 30 min stretching routine early morning,Health
finish a 30 min workout at home,Health
engage in a 30 min cardio routine at the gym,Health
do a 1 hour workout this evening,Health
visit the dentist regarding the pain,Health
remember to take painkillers daily,Health
consume vitamins before bed,Health
complete a quick run with a trainer,Health
start a long warmup for 1 hour,Health
remember to take vitamins twice a day,Health
start a light warmup at home,Health
engage in a 1 hour yoga session early morning,Health
swallow painkillers with water,Health
schedule a visit with the doctor tomorrow,Health
do a intense stretching routine early morning,Health
finish a 1 hour warmup for 30 minutes,Health
swallow cough syrup with water,Health
do a 30 min yoga session in the park,Health
take vitamins daily,Health
take vitamins in the morning,Health
start a long pilates class for 1 hour,Health
engage in a long workout at the gym,Health
engage in a intense run in the park,Health
do a 30 min yoga session this evening,Health
engage in a long pilates class early morning,Health
do a quick pilates class this evening,Health
engage in a 30 min meditation for 30 minutes,Health
start a light warmup in the park,Health
remember to take pills before bed,Health
finish a 1 hour warmup for 1 hour,Health
remember to take cough syrup before bed,Health
do a 1 hour cardio routine with a trainer,Health
swallow pills every 8 hours,Health
go to the physio tomorrow,Health
complete a long workout in the park,Health
complete a 1 hour pilates class at home,Health
see the hospital for a checkup,Health
start a 30 min workout for 1 hour,Health
start a light pilates class for 30 minutes,Health
remember to take medicine with water,Health
see the doctor tomorrow,Health
schedule a visit with the specialist for a checkup,Health
schedule a visit with the therapist asap,Health
take cough syrup before bed,Health
engage in a 1 hour yoga session in the park,Health
start a quick warmup for 30 minutes,Health
complete a quick workout at the gym,Health
finish a 30 min run this evening,Health
start a intense stretching routine this evening,Health
finish a quick stretching routine early morning,Health
book an appointment with the specialist for a follow-up,Health
finish a intense meditation at the gym,Health
book an appointment with the doctor this afternoon,Health
engage in a quick meditation for 30 minutes,Health
remember to take protein shake in the morning,Health
complete a quick warmup early morning,Health
do a intense run at the gym,Health
do a light workout in the park,Health
complete a intense stretching routine with a trainer,Health
finish a 30 min stretching routine at the gym,Health
book an appointment with the clinic next week,Health
schedule a visit with the physio next week,Health
complete a 1 hour warmup for 30 minutes,Health
take vitamins with water,Health
engage in a light cardio routine at home,Health
go to the eye doctor this afternoon,Health
go to the specialist this afternoon,Health
remember to take pills after breakfast,Health
complete a light stretching routine for 30 minutes,Health
start a long meditation for 30 minutes,Health
start a quick pilates class at the gym,Health
book an appointment with the physio on monday,Health
finish a light meditation at home,Health
do a light warmup at home,Health
see the clinic for a checkup,Health
engage in a quick pilates class with a trainer,Health
start a light cardio routine this evening,Health
do a long meditation in the park,Health
do a 30 min stretching routine in the park,Health
do a light meditation for 1 hour,Health
finish a light cardio routine with a trainer,Health
engage in a long run for 1 hour,Health
complete a light stretching routine in the park,Health
engage in a light pilates class for 30 minutes,Health
remember to take vitamins in the morning,Health
engage in a 30 min stretching routine for 1 hour,Health
start a 1 hour meditation at the gym,Health
do a long workout in the park,Health
engage in a light pilates class early morning,Health
start a 30 min yoga session early morning,Health
engage in a intense yoga session in the park,Health
remember to take vitamins before bed,Health
start a quick yoga session with a trainer,Health
complete a light run in the park,Health
visit the hospital next week,Health
engage in a light cardio routine early morning,Health
finish a quick meditation this evening,Health
complete a 30 min yoga session for 30 minutes,Health
see the specialist tomorrow,Health
start a light pilates class for 1 hour,Health
start a 30 min cardio routine for 1 hour,Health
finish a 1 hour stretching routine for 1 hour,Health
start a intense yoga session at the gym,Health
complete a 30 min run early morning,Health
finish a quick yoga session with a trainer,Health
complete a quick run in the park,Health
schedule a visit with the physio for a follow-up,Health
do a quick cardio routine with a trainer,Health
start a 30 min workout at the gym,Health
swallow medicine after breakfast,Health
take medicine after breakfast,Health
visit the dentist on monday,Health
complete a 30 min workout this evening,Health
finish a intense yoga session in the park,Health
do a 30 min warmup at home,Health
complete a long run in the park,Health
do a quick warmup at the gym,Health
engage in a light run in the park,Health
engage in a 1 hour warmup for 30 minutes,Health
complete a intense workout at home,Health
complete a 30 min cardio routine in the park,Health
start a long meditation with a trainer,Health
complete a light warmup for 1 hour,Health
start a intense yoga session in the park,Health
consume protein shake daily,Health
do a 30 min yoga session early morning,Health
do a quick warmup for 1 hour,Health
engage in a light stretching routine in the park,Health
take medicine every 8 hours,Health
schedule a visit with the therapist for a checkup,Health
start a light meditation this evening,Health
finish a long workout this evening,Health
complete a long workout at the gym,Health
finish a 1 hour yoga session this evening,Health
do a long workout early morning,Health
consume painkillers in the morning,Health
finish a quick meditation for 30 minutes,Health
swallow prescription after breakfast,Health
do a 30 min cardio routine this evening,Health
book an appointment with the therapist regarding the pain,Health
go to the dentist next week,Health
book an appointment with the dentist next week,Health
swallow protein shake daily,Health
start a intense warmup for 30 minutes,Health
do a 1 hour meditation at home,Health
do a intense workout at the gym,Health
engage in a light run for 30 minutes,Health
finish a intense warmup in the park,Health
drink prescription after meal,Health
swallow vitamins daily,Health
finish a intense yoga session early morning,Health
complete a long run this evening,Health
see the physio tomorrow,Health
start a long warmup early morning,Health
drink supplements after meal,Health
start a 30 min workout in the park,Health
complete a long pilates class in the park,Health
do a intense stretching routine for 30 minutes,Health
swallow vitamins with water,Health
see the physio asap,Health
see the hospital tomorrow,Health
schedule a visit with the doctor for a follow-up,Health
go to the specialist on monday,Health
swallow prescription in the morning,Health
engage in a 1 hour yoga session with a trainer,Health
do a quick yoga session at the gym,Health
schedule a visit with the clinic tomorrow,Health
schedule a visit with the doctor regarding the pain,Health
do a intense run at home,Health
swallow medicine in the morning,Health
finish a 30 min cardio routine in the park,Health
complete a light yoga session with a trainer,Health
finish a quick yoga session at home,Health
remember to take cough syrup with water,Health
schedule a visit with the eye doctor for a checkup,Health
start a light run this evening,Health
start a 30 min warmup at home,Health
consume vitamins after breakfast,Health
do a 1 hour yoga session this evening,Health
finish a quick workout at home,Health
do a light yoga session early morning,Health
go to the clinic tomorrow,Health
start a light pilates class this evening,Health
start a quick warmup with a trainer,Health
complete a quick warmup at the gym,Health
see the doctor for a checkup,Health
remember to take pills with water,Health
start a intense pilates class with a trainer,Health
engage in a light pilates class in the park,Health
do a light meditation this evening,Health
engage in a 1 hour pilates class for 30 minutes,Health
finish a light warmup early morning,Health
complete a long workout with a trainer,Health
start a quick meditation for 30 minutes,Health
do a 30 min meditation this evening,Health
finish a light meditation for 1 hour,Health
engage in a 30 min warmup at the gym,Health
see the therapist asap,Health
complete a quick meditation in the park,Health
finish a 1 hour pilates class this evening,Health
swallow prescription every 8 hours,Health
drink prescription daily,Health
do a long meditation this evening,Health
finish a 1 hour cardio routine for 30 minutes,Health
do a 30 min warmup for 30 minutes,Health
remember to take vitamins after meal,Health
engage in a quick stretching routine early morning,Health
engage in a intense meditation at home,Health
do a 1 hour meditation with a trainer,Health
do a light yoga session for 1 hour,Health
complete a light pilates class at the gym,Health
drink protein shake twice a day,Health
start a 30 min pilates class with a trainer,Health
complete a 1 hour pilates class in the park,Health
drink supplements daily,Health
take cough syrup every 8 hours,Health
remember to take prescription in the morning,Health
start a intense pilates class for 1 hour,Health
engage in a quick run early morning,Health
schedule a visit with the specialist next week,Health
engage in a intense warmup for 1 hour,Health
engage in a quick pilates class at home,Health
remember to take medicine after breakfast,Health
do a quick stretching routine at the gym,Health
consume vitamins in the morning,Health
complete a intense pilates class for 1 hour,Health
do a intense cardio routine at home,Health
see the clinic on monday,Health
take prescription before bed,Health
engage in a long yoga session early morning,Health
finish a quick stretching routine with a trainer,Health
start a quick stretching routine this evening,Health
visit the hospital on monday,Health
do a long meditation with a trainer,Health
see the clinic regarding the pain,Health
schedule a visit with the hospital next week,Health
remember to take cough syrup daily,Health
do a 1 hour cardio routine this evening,Health
start a quick run for 30 minutes,Health
consume pills daily,Health
see the eye doctor next week,Health
engage in a intense workout at the gym,Health
finish a 1 hour run for 30 minutes,Health
engage in a long warmup at the gym,Health
remember to take supplements after breakfast,Health
see the dentist tomorrow,Health
finish a 30 min workout in the park,Health
see the eye doctor asap,Health
finish a light run in the park,Health
visit the therapist next week,Health
book an appointment with the eye doctor for a checkup,Health
do a intense run for 1 hour,Health
finish a quick stretching routine at home,Health
finish a intense run at home,Health
visit the specialist next week,Health
finish a intense workout at home,Health
remember to take protein shake with water,Health
finish a intense pilates class at the gym,Health
start a light stretching routine this evening,Health
start a 30 min cardio routine at home,Health
complete a intense meditation at the gym,Health
finish a 1 hour run this evening,Health
do a long run at the gym,Health
drink pills every 8 hours,Health
finish a 30 min warmup with a trainer,Health
complete a quick yoga session early morning,Health
book an appointment with the eye doctor next week,Health
start a 30 min warmup for 30 minutes,Health
swallow pills before bed,Health
swallow protein shake with water,Health
finish a intense pilates class with a trainer,Health
complete a light pilates class at home,Health
engage in a light cardio routine in the park,Health
schedule a visit with the specialist on monday,Health
engage in a long stretching routine this evening,Health
take medicine with water,Health
start a quick workout at the gym,Health
start a quick cardio routine in the park,Health
complete a quick workout early morning,Health
do a 1 hour pilates class for 30 minutes,Health
do a light cardio routine for 1 hour,Health
engage in a intense workout at home,Health
do a intense cardio routine in the park,Health
engage in a light warmup for 1 hour,Health
do a intense cardio routine early morning,Health
start a 1 hour warmup for 30 minutes,Health
complete a 1 hour run at the gym,Health
engage in a 30 min run for 30 minutes,Health
complete a quick pilates class this evening,Health
take vitamins after breakfast,Health
finish a light stretching routine this evening,Health
visit the doctor next week,Health
engage in a 1 hour workout in the park,Health
do a light meditation early morning,Health
visit the eye doctor tomorrow,Health
go to the hospital tomorrow,Health
take medicine in the morning,Health
start a 30 min cardio routine early morning,Health
start a 1 hour pilates class with a trainer,Health
finish a light stretching routine with a trainer,Health
engage in a 30 min pilates class with a trainer,Health
do a 30 min pilates class for 30 minutes,Health
take prescription twice a day,Health
visit the physio for a follow-up,Health
start a light warmup for 30 minutes,Health
finish a 30 min warmup early morning,Health
see the therapist tomorrow,Health
start a intense warmup early morning,Health
swallow protein shake after breakfast,Health
start a intense run at home,Health
finish a 1 hour cardio routine at the gym,Health
start a 1 hour meditation this evening,Health
consume cough syrup in the morning,Health
complete a light stretching routine early morning,Health
start a quick meditation for 1 hour,Health
do a light cardio routine for 30 minutes,Health
book an appointment with the therapist for a checkup,Health
complete a light run at home,Health
complete a 30 min yoga session at home,Health
start a light stretching routine at the gym,Health
complete a 30 min pilates class early morning,Health
do a 1 hour meditation this evening,Health
start a quick pilates class at home,Health
finish a light cardio routine at the gym,Health
do a 1 hour workout with a trainer,Health
do a intense workout for 1 hour,Health
start a intense warmup for 1 hour,Health
finish a 1 hour pilates class with a trainer,Health
see the eye doctor tomorrow,Health
finish a light workout for 30 minutes,Health
swallow protein shake after meal,Health
complete a long yoga session at home,Health
do a quick warmup for 30 minutes,Health
engage in a quick warmup for 30 minutes,Health
take painkillers every 8 hours,Health
schedule a visit with the hospital asap,Health
start a long workout this evening,Health
start a intense workout at home,Health
take supplements before bed,Health
visit the doctor regarding the pain,Health
start a 30 min yoga session for 1 hour,Health
go to the therapist this afternoon,Health
engage in a long cardio routine with a trainer,Health
complete a quick warmup for 30 minutes,Health
visit the physio next week,Health
finish a quick pilates class for 30 minutes,Health
consume medicine daily,Health
visit the clinic this afternoon,Health
do a 1 hour meditation at the gym,Health
engage in a quick meditation for 1 hour,Health
finish a light pilates class at home,Health
do a 30 min pilates class this evening,Health
start a intense stretching routine early morning,Health
do a 30 min yoga session with a trainer,Health
start a long run for 1 hour,Health
finish a intense stretching routine for 1 hour,Health
finish a light warmup in the park,Health
finish a light run at home,Health
consume pills before bed,Health
drink prescription after breakfast,Health
schedule a visit with the doctor on monday,Health
start a long stretching routine this evening,Health
drink pills daily,Health
finish a 1 hour stretching routine with a trainer,Health
complete a 1 hour meditation with a trainer,Health
engage in a light cardio routine for 1 hour,Health
finish a 30 min warmup at home,Health
go to the specialist tomorrow,Health
engage in a 30 min yoga session at home,Health
complete a light run with a trainer,Health
remember to take pills after meal,Health
go to the eye doctor for a follow-up,Health
start a intense cardio routine at home,Health
take pills with water,Health
drink vitamins daily,Health
go to the dentist asap,Health
do a light pilates class for 30 minutes,Health
finish a 30 min cardio routine for 1 hour,Health
do a quick stretching routine at home,Health
finish a 1 hour meditation early morning,Health
finish a quick stretching routine at the gym,Health
swallow cough syrup twice a day,Health
complete a 1 hour warmup with a trainer,Health
do a light yoga session at the gym,Health
complete a 1 hour pilates class for 1 hour,Health
engage in a long meditation in the park,Health
take protein shake daily,Health
take protein shake in the morning,Health
finish a 1 hour run early morning,Health
go to the hospital next week,Health
complete a light workout for 1 hour,Health
finish a quick meditation at home,Health
schedule a visit with the eye doctor for a follow-up,Health
finish a intense workout for 30 minutes,Health
swallow vitamins every 8 hours,Health
start a 1 hour yoga session at the gym,Health
complete a long warmup for 30 minutes,Health
do a long meditation at the gym,Health
schedule a visit with the physio on monday,Health
engage in a 1 hour stretching routine early morning,Health
complete a light workout early morning,Health
start a light yoga session with a trainer,Health
schedule a visit with the dentist for a checkup,Health
book an appointment with the hospital regarding the pain,Health
take painkillers after meal,Health
finish a long yoga session this evening,Health
start a light run early morning,Health
do a light warmup at the gym,Health
do a 30 min workout for 1 hour,Health
start a light workout this evening,Health
start a 1 hour yoga session this evening,Health
engage in a quick pilates class early morning,Health
finish a quick cardio routine with a trainer,Health
complete a quick cardio routine this evening,Health
finish a quick warmup early morning,Health
do a 30 min pilates class for 1 hour,Health
visit the specialist regarding the pain,Health
engage in a long cardio routine in the park,Health
do a long stretching routine for 1 hour,Health
complete a 1 hour cardio routine early morning,Health
do a intense workout early morning,Health
complete a 30 min stretching routine this evening,Health
engage in a quick stretching routine in the park,Health
go to the clinic regarding the pain,Health
see the doctor next week,Health
visit the therapist on monday,Health
complete a light run early morning,Health
schedule a visit with the clinic regarding the pain,Health
start a 30 min meditation at the gym,Health
start a intense meditation in the park,Health
finish a 30 min stretching routine for 1 hour,Health
schedule a visit with the specialist asap,Health
finish a intense meditation in the park,Health
complete a 1 hour stretching routine for 1 hour,Health
engage in a light workout early morning,Health
start a long workout for 1 hour,Health
do a quick run for 30 minutes,Health
start a light meditation in the park,Health
complete a intense run this evening,Health
complete a quick warmup for 1 hour,Health
book an appointment with the eye doctor asap,Health
remember to take prescription twice a day,Health
finish a 1 hour warmup with a trainer,Health
schedule a visit with the clinic on monday,Health
complete a 1 hour workout early morning,Health
complete a 1 hour yoga session this evening,Health
engage in a 30 min warmup for 30 minutes,Health
start a intense run for 30 minutes,Health
do a long cardio routine in the park,Health
go to the eye doctor for a checkup,Health
schedule a visit with the dentist tomorrow,Health
engage in a intense meditation for 30 minutes,Health
finish a 1 hour yoga session with a trainer,Health
finish a long cardio routine at home,Health
consume cough syrup with water,Health
complete a intense meditation early morning,Health
start a 30 min run at the gym,Health
engage in a light stretching routine early morning,Health
remember to take prescription after meal,Health
take protein shake every 8 hours,Health
book an appointment with the specialist this afternoon,Health
start a 30 min cardio routine for 30 minutes,Health
engage in a intense yoga session at the gym,Health
finish a intense warmup this evening,Health
finish a 1 hour workout at the gym,Health
engage in a quick warmup in the park,Health
start a 30 min warmup at the gym,Health
see the dentist next week,Health
book an appointment with the eye doctor this afternoon,Health
complete a long stretching routine for 30 minutes,Health
complete a intense cardio routine at the gym,Health
start a 1 hour pilates class for 1 hour,Health
engage in a 1 hour stretching routine with a trainer,Health
do a long cardio routine this evening,Health
do a light stretching routine at the gym,Health
start a light pilates class at home,Health
finish a intense stretching routine early morning,Health
do a intense warmup this evening,Health
start a quick stretching routine at home,Health
engage in a 1 hour run for 30 minutes,Health
go to the therapist for a follow-up,Health
start a quick yoga session early morning,Health
remember to take cough syrup after breakfast,Health
engage in a 1 hour pilates class with a trainer,Health
engage in a quick meditation with a trainer,Health
drink supplements in the morning,Health
book an appointment with the hospital this afternoon,Health
start a quick yoga session for 30 minutes,Health
do a intense meditation this evening,Health
see the eye doctor this afternoon,Health
finish a 1 hour workout for 30 minutes,Health
book an appointment with the physio for a follow-up,Health
drink cough syrup with water,Health
vacuum the attic this weekend,Personal
tidy the kitchen tonight,Personal
sweep the desk on sunday,Personal
sweep the desk this weekend,Personal
vacuum the attic before guests arrive,Personal
settle the water bill at the bank,Personal
review the mortgage bill today,Personal
dust the basement in the morning,Personal
tidy the attic on sunday,Personal
finish the dishes on saturday,Personal
finish the gardening now,Personal
review the internet bill asap,Personal
declutter the basement after work,Personal
organize the car in the morning,Personal
clean the car on sunday,Personal
review the electricity bill today,Personal
tidy the bathroom after work,Personal
vacuum the bedroom before guests arrive,Personal
mop the bedroom quickly,Personal
settle the credit card bill at the bank,Personal
dust the garage quickly,Personal
settle the mortgage bill today,Personal
declutter the attic thoroughly,Personal
tidy the living room thoroughly,Personal
vacuum the desk on sunday,Personal
dust the living room after work,Personal
pay the water bill today,Personal
sweep the bedroom tonight,Personal
sweep the garage before guests arrive,Personal
do the ironing tomorrow morning,Personal
dust the bedroom on sunday,Personal
tidy the bedroom today,Personal
declutter the attic tonight,Personal
declutter the kitchen today,Personal
clear the electricity bill at the bank,Personal
organize the desk on sunday,Personal
walk the pets after work,Personal
sweep the house after work,Personal
feed the cat now,Personal
clear the rent bill via app,Personal
clear the electricity bill via app,Personal
settle the mortgage bill online,Personal
pay the electricity bill today,Personal
vacuum the car today,Personal
sweep the car after work,Personal
settle the phone bill via app,Personal
finish the yard work tomorrow morning,Personal
clean the kitchen before guests arrive,Personal
clean the bathroom tonight,Personal
pay the credit card bill today,Personal
groom the pets after work,Personal
sweep the attic after work,Personal
clean the attic today,Personal
declutter the bathroom in the morning,Personal
clean the bedroom this weekend,Personal
declutter the closet in the morning,Personal
sweep the attic quickly,Personal
organize the closet in the morning,Personal
clear the credit card bill today,Personal
start the yard work tonight,Personal
tidy the car quickly,Personal
organize the garage before guests arrive,Personal
sweep the closet thoroughly,Personal
mop the bedroom thoroughly,Personal
tidy the closet quickly,Personal
mop the kitchen before guests arrive,Personal
organize the living room this weekend,Personal
clean the attic quickly,Personal
dust the desk tonight,Personal
vacuum the bathroom in the morning,Personal
finish meal prep tomorrow morning,Personal
dust the basement after work,Personal
declutter the bathroom thoroughly,Personal
tidy the kitchen thoroughly,Personal
tidy the desk before guests arrive,Personal
vacuum the garage thoroughly,Personal
sweep the car quickly,Personal
mop the living room after work,Personal
do the dishes this weekend,Personal
pay the water bill at the bank,Personal
clean the house on sunday,Personal
do the yard work this weekend,Personal
declutter the garage after work,Personal
sweep the kitchen tonight,Personal
do the gardening now,Personal
do the gardening this weekend,Personal
pay the rent bill online,Personal
start the gardening this weekend,Personal
clean the garage this weekend,Personal
do the laundry tonight,Personal
sweep the bathroom this weekend,Personal
declutter the closet on sunday,Personal
organize the basement before guests arrive,Personal
clean the desk in the morning,Personal
do the yard work on saturday,Personal
declutter the house thoroughly,Personal
sweep the basement thoroughly,Personal
pay the electricity bill at the bank,Personal
review the water bill before the deadline,Personal
mop the car in the morning,Personal
clear the rent bill online,Personal
start meal prep now,Personal
clean the living room on sunday,Personal
declutter the basement today,Personal
clear the water bill today,Personal
dust the bathroom after work,Personal
organize the living room before guests arrive,Personal
tidy the car tonight,Personal
groom the dog after work,Personal
declutter the living room before guests arrive,Personal
start the dishes tomorrow morning,Personal
finish the housework tomorrow morning,Personal
start the gardening tonight,Personal
sweep the living room after work,Personal
pay the phone bill today,Personal
settle the internet bill this month,Personal
settle the mortgage bill at the bank,Personal
dust the house before guests arrive,Personal
clear the electricity bill asap,Personal
settle the internet bill online,Personal
groom the pets now,Personal
organize the kitchen in the morning,Personal
take care of the cat now,Personal
dust the living room this weekend,Personal
sweep the house in the morning,Personal
organize the desk quickly,Personal
clean the attic after work,Personal
vacuum the garage after work,Personal
pay the electricity bill online,Personal
tidy the bathroom today,Personal
sweep the bedroom in the morning,Personal
mop the closet tonight,Personal
organize the bedroom in the morning,Personal
walk the pets this morning,Personal
start the ironing this weekend,Personal
organize the desk today,Personal
mop the house before guests arrive,Personal
declutter the bedroom thoroughly,Personal
sweep the desk in the morning,Personal
finish the housework on saturday,Personal
vacuum the bathroom tonight,Personal
review the rent bill this month,Personal
sweep the desk before guests arrive,Personal
organize the living room today,Personal
sweep the basement before guests arrive,Personal
declutter the kitchen thoroughly,Personal
tidy the bedroom in the morning,Personal
tidy the kitchen on sunday,Personal
clear the mortgage bill online,Personal
settle the credit card bill online,Personal
start the laundry now,Personal
dust the closet quickly,Personal
finish the ironing tomorrow morning,Personal
vacuum the house this weekend,Personal
finish the laundry before going out,Personal
do the yard work after dinner,Personal
clean the bathroom today,Personal
dust the attic after work,Personal
tidy the house before guests arrive,Personal
start the dishes on saturday,Personal
declutter the basement thoroughly,Personal
organize the garage quickly,Personal
do the dishes now,Personal
tidy the living room today,Personal
vacuum the desk today,Personal
organize the bedroom this weekend,Personal
do the dishes tomorrow morning,Personal
clean the house tonight,Personal
tidy the bedroom after work,Personal
vacuum the car quickly,Personal
dust the bathroom on sunday,Personal
review the electricity bill at the bank,Personal
do the housework before going out,Personal
take care of the cat after work,Personal
finish the laundry this weekend,Personal
clear the credit card bill at the bank,Personal
dust the attic tonight,Personal
settle the credit card bill asap,Personal
dust the basement before guests arrive,Personal
declutter the desk in the morning,Personal
clean the attic on sunday,Personal
take care of the pets after work,Personal
sweep the basement on sunday,Personal
organize the kitchen today,Personal
mop the kitchen quickly,Personal
catch up on meal prep now,Personal
review the insurance bill this month,Personal
settle the mortgage bill this month,Personal
clean the bedroom in the morning,Personal
start the dishes now,Personal
catch up on the laundry now,Personal
finish meal prep before going out,Personal
organize the living room thoroughly,Personal
feed the dog in the evening,Personal
mop the bedroom tonight,Personal
sweep the kitchen on sunday,Personal
sweep the closet in the morning,Personal
review the phone bill via app,Personal
organize the bedroom thoroughly,Personal
sweep the basement this weekend,Personal
vacuum the closet tonight,Personal
vacuum the living room on sunday,Personal
catch up on the yard work on saturday,Personal
mop the garage thoroughly,Personal
clear the phone bill today,Personal
take care of the pets in the evening,Personal
tidy the closet thoroughly,Personal
finish meal prep this weekend,Personal
clean the attic tonight,Personal
organize the closet today,Personal
catch up on the housework before going out,Personal
groom the cat this morning,Personal
organize the car thoroughly,Personal
vacuum the bedroom today,Personal
catch up on the housework tomorrow morning,Personal
organize the closet quickly,Personal
vacuum the closet after work,Personal
clean the kitchen thoroughly,Personal
mop the attic tonight,Personal
dust the house after work,Personal
settle the rent bill online,Personal
dust the bathroom thoroughly,Personal
start the ironing tomorrow morning,Personal
vacuum the living room today,Personal
pay the phone bill via app,Personal
mop the car before guests arrive,Personal
organize the attic in the morning,Personal
mop the attic in the morning,Personal
declutter the house in the morning,Personal
clean the car this weekend,Personal
declutter the kitchen before guests arrive,Personal
vacuum the garage tonight,Personal
declutter the basement before guests arrive,Personal
vacuum the living room quickly,Personal
finish the dishes after dinner,Personal
finish meal prep after dinner,Personal
do the yard work now,Personal
sweep the kitchen this weekend,Personal
review the phone bill today,Personal
organize the house tonight,Personal
organize the garage in the morning,Personal
mop the bathroom on sunday,Personal
feed the pets in the evening,Personal
tidy the basement before guests arrive,Personal
clear the rent bill before the deadline,Personal
clean the bedroom quickly,Personal
tidy the basement this weekend,Personal
review the insurance bill asap,Personal
mop the living room today,Personal
mop the garage tonight,Personal
vacuum the living room tonight,Personal
groom the pets in the evening,Personal
mop the attic quickly,Personal
dust the house this weekend,Personal
mop the bathroom in the morning,Personal
declutter the kitchen on sunday,Personal
organize the house on sunday,Personal
organize the bedroom after work,Personal
review the credit card bill asap,Personal
mop the house thoroughly,Personal
declutter the closet today,Personal
vacuum the living room thoroughly,Personal
declutter the car before guests arrive,Personal
vacuum the kitchen tonight,Personal
declutter the garage this weekend,Personal
finish meal prep now,Personal
sweep the attic tonight,Personal
declutter the attic today,Personal
mop the desk this weekend,Personal
declutter the bathroom after work,Personal
start the yard work tomorrow morning,Personal
declutter the attic after work,Personal
organize the attic today,Personal
finish the yard work before going out,Personal
organize the bedroom today,Personal
do meal prep after dinner,Personal
tidy the basement quickly,Personal
declutter the desk on sunday,Personal
dust the living room in the morning,Personal
dust the closet tonight,Personal
declutter the attic quickly,Personal
declutter the bedroom tonight,Personal
settle the water bill today,Personal
pay the rent bill today,Personal
take care of the pets now,Personal
dust the house thoroughly,Personal
clean the bedroom after work,Personal
catch up on the gardening before going out,Personal
clean the bathroom quickly,Personal
sweep the kitchen before guests arrive,Personal
tidy the basement thoroughly,Personal
sweep the living room before guests arrive,Personal
finish the gardening this weekend,Personal
sweep the attic in the morning,Personal
settle the insurance bill at the bank,Personal
sweep the car thoroughly,Personal
declutter the living room in the morning,Personal
review the insurance bill before the deadline,Personal
review the internet bill via app,Personal
review the water bill at the bank,Personal
catch up on meal prep on saturday,Personal
sweep the garage in the morning,Personal
organize the closet tonight,Personal
sweep the bathroom on sunday,Personal
dust the garage on sunday,Personal
catch up on the dishes on saturday,Personal
start the ironing on saturday,Personal
settle the rent bill via app,Personal
start the housework on saturday,Personal
clean the garage in the morning,Personal
clean the house this weekend,Personal
settle the insurance bill before the deadline,Personal
dust the garage thoroughly,Personal
review the credit card bill at the bank,Personal
settle the electricity bill at the bank,Personal
finish the ironing this weekend,Personal
declutter the living room thoroughly,Personal
declutter the house this weekend,Personal
mop the attic today,Personal
vacuum the closet quickly,Personal
do the housework on saturday,Personal
start the yard work before going out,Personal
review the water bill asap,Personal
tidy the house on sunday,Personal
dust the kitchen quickly,Personal
declutter the bedroom this weekend,Personal
mop the attic after work,Personal
catch up on the ironing before going out,Personal
pay the insurance bill before the deadline,Personal
do the laundry before going out,Personal
settle the electricity bill this month,Personal
mop the kitchen this weekend,Personal
dust the closet after work,Personal
clear the mortgage bill asap,Personal
sweep the living room quickly,Personal
dust the bedroom after work,Personal
declutter the house after work,Personal
tidy the closet today,Personal
review the electricity bill before the deadline,Personal
tidy the garage on sunday,Personal
clean the house thoroughly,Personal
tidy the living room on sunday,Personal
tidy the living room after work,Personal
vacuum the closet before guests arrive,Personal
walk the cat this morning,Personal
take care of the cat this morning,Personal
tidy the attic this weekend,Personal
settle the mortgage bill via app,Personal
mop the bathroom after work,Personal
sweep the closet after work,Personal
tidy the house today,Personal
clean the car quickly,Personal
feed the dog this morning,Personal
clean the living room thoroughly,Personal
mop the basement on sunday,Personal
clear the mortgage bill this month,Personal
start the gardening before going out,Personal
finish the yard work tonight,Personal
dust the living room quickly,Personal
organize the attic on sunday,Personal
dust the car before guests arrive,Personal
start the housework tomorrow morning,Personal
pay the phone bill asap,Personal
catch up on meal prep after dinner,Personal
tidy the living room quickly,Personal
sweep the bathroom after work,Personal
declutter the closet thoroughly,Personal
declutter the bedroom in the morning,Personal
tidy the kitchen this weekend,Personal
vacuum the attic in the morning,Personal
tidy the basement after work,Personal
vacuum the basement tonight,Personal
vacuum the kitchen on sunday,Personal
settle the rent bill before the deadline,Personal
feed the dog now,Personal
tidy the desk today,Personal
vacuum the basement today,Personal
sweep the bathroom before guests arrive,Personal
sweep the car tonight,Personal
mop the garage quickly,Personal
sweep the car on sunday,Personal
settle the phone bill online,Personal
vacuum the garage this weekend,Personal
mop the living room thoroughly,Personal
settle the electricity bill via app,Personal
settle the internet bill before the deadline,Personal
start the dishes after dinner,Personal
mop the bedroom before guests arrive,Personal
take care of the cat in the evening,Personal
sweep the living room today,Personal
vacuum the kitchen after work,Personal
start the laundry before going out,Personal
feed the cat this morning,Personal
dust the garage before guests arrive,Personal
sweep the desk thoroughly,Personal
settle the credit card bill via app,Personal
declutter the closet quickly,Personal
tidy the garage after work,Personal
settle the phone bill today,Personal
do the housework now,Personal
do the gardening tomorrow morning,Personal
start the ironing before going out,Personal
clean the house in the morning,Personal
sweep the living room on sunday,Personal
dust the living room thoroughly,Personal
sweep the kitchen quickly,Personal
organize the attic thoroughly,Personal
vacuum the bathroom quickly,Personal
organize the basement thoroughly,Personal
tidy the attic before guests arrive,Personal
start the laundry on saturday,Personal
clear the internet bill via app,Personal
organize the car today,Personal
walk the dog in the evening,Personal
clean the bathroom on sunday,Personal
clear the insurance bill at the bank,Personal
clear the internet bill today,Personal
declutter the basement in the morning,Personal
clean the attic this weekend,Personal
pay the insurance bill at the bank,Personal
declutter the garage tonight,Personal
tidy the house in the morning,Personal
mop the desk on sunday,Personal
walk the cat now,Personal
vacuum the attic quickly,Personal
vacuum the kitchen quickly,Personal
groom the cat now,Personal
organize the living room in the morning,Personal
sweep the basement quickly,Personal
tidy the bathroom this weekend,Personal
dust the garage today,Personal
catch up on the yard work this weekend,Personal
clear the electricity bill before the deadline,Personal
review the mortgage bill via app,Personal
review the insurance bill today,Personal
mop the basement before guests arrive,Personal
pay the internet bill online,Personal
tidy the closet after work,Personal
tidy the basement on sunday,Personal
sweep the closet this weekend,Personal
declutter the closet tonight,Personal
pay the rent bill asap,Personal
clear the insurance bill today,Personal
tidy the bathroom in the morning,Personal
clean the bathroom before guests arrive,Personal
dust the car tonight,Personal
organize the kitchen quickly,Personal
clear the credit card bill this month,Personal
mop the garage before guests arrive,Personal
declutter the bedroom today,Personal
clear the internet bill this month,Personal
catch up on the housework this weekend,Personal
review the credit card bill via app,Personal
review the water bill this month,Personal
settle the phone bill asap,Personal
organize the attic before guests arrive,Personal
declutter the desk quickly,Personal
declutter the house quickly,Personal
sweep the house tonight,Personal
finish the yard work after dinner,Personal
tidy the basement today,Personal
clean the bedroom before guests arrive,Personal
tidy the closet on sunday,Personal
finish meal prep tonight,Personal
sweep the car today,Personal
tidy the bedroom on sunday,Personal
declutter the living room quickly,Personal
pay the rent bill this month,Personal
vacuum the desk this weekend,Personal
sweep the desk today,Personal
dust the attic this weekend,Personal
start the yard work now,Personal
settle the internet bill via app,Personal
organize the basement this weekend,Personal
review the mortgage bill before the deadline,Personal
do the housework tomorrow morning,Personal
tidy the bathroom tonight,Personal
clear the water bill via app,Personal
dust the closet in the morning,Personal
sweep the closet today,Personal
finish the housework this weekend,Personal
clean the bedroom on sunday,Personal
clear the internet bill before the deadline,Personal
tidy the car on sunday,Personal
dust the desk on sunday,Personal
organize the closet on sunday,Personal
declutter the car thoroughly,Personal
dust the attic before guests arrive,Personal
pay the credit card bill this month,Personal
mop the kitchen in the morning,Personal
dust the desk this weekend,Personal
sweep the garage quickly,Personal
mop the living room quickly,Personal
walk the pets now,Personal
vacuum the attic thoroughly,Personal
tidy the attic quickly,Personal
clear the water bill this month,Personal
review the mortgage bill at the bank,Personal
start the dishes this weekend,Personal
settle the water bill online,Personal
